p-value,conf_low,conf_hi,f1,f2
0.300622988196907,-0.383536353203303,0.116869686536636,0.466666666666667,0.6
6.44743917937597e-09,-0.269418761176744,-0.135581238823256,0.48,0.6825
