p-value,conf_low,conf_hi,f1
0.136037128114145,0.302323889076998,0.638577003801267,0.466666666666667
9.63357008643094e-07,0.431463406677295,0.528917085096076,0.48
